Name,Group,Value
Neutrals,Neutrals,-7.171144278606965
Nizakia,Nizakia,-4.2228654124457305
Tawa,Tawa,-3.3543123543123543
Khishilia,Khishilia,-0.285
Mitzragia,Mitzragia,1.3732303732303732
Maltashia,Maltashia,2.4583333333333335
Hathers,Hathers,3
Kauwia,Kauwia,3.130434782608696
Leisafia,Leisafia,3.3314917127071824